product,location,quantity,price,amount,date
Product E,Location 2,80,463.65,37092.0,2024-03-20 02:35:17
Product A,Location 4,30,99.67,2990.1,2023-05-27 05:39:45
Product C,Location 5,35,278.11,9733.85,2023-12-28 13:36:00
Product E,Location 2,81,820.19,66435.39,2023-05-26 02:43:35
Product B,Location 2,7,854.6,5982.2,2023-06-08 17:38:00
Product E,Location 5,95,137.53,13065.35,2023-10-18 06:18:07
Product A,Location 4,43,600.11,25804.73,2023-10-12 22:56:06
Product B,Location 2,29,766.54,22229.66,2023-11-07 22:32:18
Product B,Location 3,45,942.84,42427.8,2023-09-10 22:50:18
Product B,Location 4,21,129.04,2709.84,2023-06-29 08:46:01
Product C,Location 5,74,561.41,41544.34,2024-04-17 05:53:48
Product B,Location 5,84,512.92,43085.28,2023-07-03 12:39:58
Product B,Location 1,33,374.42,12355.86,2023-05-09 08:46:55
Product C,Location 4,34,905.81,30797.54,2023-08-16 15:47:19
Product C,Location 4,19,464.63,8827.97,2024-03-29 11:51:11
Product C,Location 5,39,144.7,5643.3,2024-03-22 20:59:25
Product B,Location 2,49,115.44,5656.56,2024-03-02 00:04:27
Product B,Location 3,38,461.03,17519.14,2023-12-23 08:22:19
Product A,Location 1,86,486.59,41846.74,2023-10-15 11:03:06
Product B,Location 3,57,488.21,27827.97,2023-10-05 16:44:58
Product B,Location 5,39,229.35,8944.65,2023-11-25 22:20:59
Product B,Location 5,52,999.23,51959.96,2023-12-17 19:38:50
Product C,Location 1,35,833.95,29188.25,2023-05-17 19:54:10
Product D,Location 5,59,673.97,39764.23,2023-06-21 07:45:26
Product B,Location 2,8,729.31,5834.48,2023-08-03 14:05:32
Product E,Location 4,12,783.49,9401.88,2023-11-20 06:01:37
Product C,Location 4,43,894.15,38448.45,2023-12-22 17:58:18
Product D,Location 1,4,90.19,360.76,2023-05-13 19:30:19
Product E,Location 1,60,696.31,41778.6,2023-08-13 12:33:28
Product A,Location 2,45,456.49,20542.05,2024-01-26 19:25:28
Product A,Location 5,24,829.76,19914.24,2024-01-29 00:33:37
Product A,Location 1,32,259.31,8297.92,2023-11-13 21:59:19
Product E,Location 2,11,812.99,8942.89,2023-12-13 17:05:20
Product D,Location 5,31,311.67,9661.77,2024-01-20 05:56:11
Product A,Location 5,22,748.28,16462.16,2023-10-12 01:45:26
Product C,Location 4,75,874.11,65558.25,2024-01-01 14:45:14
Product C,Location 2,57,941.05,53639.85,2023-05-06 19:58:18
Product B,Location 2,95,861.44,81836.8,2023-05-08 17:48:46
Product B,Location 1,69,360.51,24875.19,2023-09-30 23:13:44
Product B,Location 1,41,615.84,25249.44,2024-02-21 00:13:12
Product C,Location 2,55,726.27,39944.85,2023-11-14 21:02:58
Product A,Location 4,20,290.24,5804.8,2023-09-15 15:49:07
Product C,Location 3,1,691.98,691.98,2024-02-03 14:01:27
Product E,Location 2,59,621.72,36681.48,2023-11-10 17:26:14
Product E,Location 4,51,696.71,35532.21,2023-07-18 08:07:18
Product A,Location 5,91,250.88,22830.08,2024-02-27 13:57:44
Product C,Location 2,78,912.01,71136.78,2023-06-27 06:30:52
Product B,Location 2,29,562.94,16325.26,2023-12-29 01:55:32
Product E,Location 4,38,457.41,17381.58,2023-07-31 01:17:05
Product E,Location 5,42,974.26,40918.92,2024-02-05 17:51:24
Product D,Location 5,20,16.62,332.4,2023-06-07 13:02:11
Product E,Location 2,94,876.4,82381.6,2024-02-10 11:40:20
Product C,Location 5,41,561.81,23034.21,2023-11-16 10:57:27
Product C,Location 2,65,273.17,17756.05,2023-09-13 12:07:05
Product E,Location 4,49,934.88,45809.12,2023-10-12 07:35:51
Product B,Location 1,76,332.23,25249.48,2024-01-04 01:05:09
Product E,Location 3,93,743.34,69130.62,2023-07-24 01:21:13
Product E,Location 5,84,243.99,20495.16,2024-04-03 13:16:35
Product A,Location 5,96,891.7,85603.2,2024-03-14 08:57:48
Product A,Location 4,67,20.24,1356.08,2024-03-01 20:05:46
Product A,Location 4,47,880.06,41362.82,2024-01-20 01:53:44
Product A,Location 3,17,167.92,2854.64,2023-07-25 09:30:37
Product D,Location 4,62,552.32,34243.84,2023-11-23 20:23:25
Product E,Location 1,67,83.71,5608.57,2023-06-10 21:19:59
Product C,Location 2,47,240.17,11287.99,2023-07-01 11:01:01
Product B,Location 2,69,167.31,11544.39,2023-06-04 18:41:38
Product B,Location 1,58,157.31,9123.98,2023-12-20 06:38:55
Product B,Location 5,56,20.18,1130.08,2023-08-04 10:21:54
Product A,Location 4,76,437.97,33285.72,2023-09-01 04:45:05
Product E,Location 1,47,44.99,2114.53,2024-02-19 11:18:21
Product E,Location 1,37,939.56,34763.72,2023-08-20 04:11:07
Product A,Location 2,47,697.25,32770.75,2023-06-30 15:43:04
Product E,Location 3,60,501.87,30112.2,2024-03-06 08:48:59
Product B,Location 4,26,185.22,4815.72,2024-01-21 01:02:26
Product E,Location 5,59,846.62,49950.58,2024-03-08 08:38:19
Product B,Location 5,79,211.94,16743.26,2023-07-15 14:30:06
Product C,Location 2,48,856.71,41122.08,2023-09-14 06:00:12
Product B,Location 5,5,541.14,2705.7,2023-05-26 08:10:05
Product C,Location 3,31,113.9,3530.9,2023-07-14 09:53:32
Product E,Location 3,6,578.3,3469.8,2023-11-04 05:14:47
Product D,Location 1,67,15.94,1067.98,2023-08-12 08:03:55
Product D,Location 1,81,946.21,76643.01,2023-09-30 10:59:08
Product B,Location 4,60,712.18,42730.8,2023-11-15 16:17:36
Product B,Location 5,29,627.8,18206.2,2023-10-06 08:43:25
Product D,Location 5,43,351.48,15113.64,2023-08-26 07:39:11
Product A,Location 4,9,364.44,3279.96,2024-02-05 11:06:06
Product A,Location 1,9,845.53,7609.77,2023-06-25 18:25:19
Product B,Location 3,56,480.12,26886.72,2024-01-20 20:47:18
Product E,Location 1,68,76.76,5219.68,2024-02-04 02:07:37
Product B,Location 5,25,654.89,16372.25,2024-01-09 07:29:34
Product D,Location 3,82,591.02,48463.64,2024-03-11 00:05:41
Product A,Location 1,1,483.78,483.78,2023-06-27 02:56:34
Product A,Location 4,18,422.42,7603.56,2023-11-14 18:28:29
Product A,Location 4,70,526.47,36852.9,2023-07-18 05:38:30
Product C,Location 2,12,729.54,8754.48,2023-07-02 11:31:18
Product A,Location 2,26,212.07,5513.82,2023-08-28 12:28:39
Product C,Location 2,16,251.71,4027.36,2024-01-14 15:58:55
Product C,Location 5,6,71.37,428.22,2024-04-27 01:44:35
Product A,Location 3,13,635.14,8256.82,2023-05-30 06:09:11
Product E,Location 3,14,281.87,3946.18,2024-04-24 01:16:57
Product C,Location 3,14,763.11,10683.54,2023-05-26 04:33:43
Product E,Location 1,58,688.25,39918.5,2023-07-11 15:33:39
Product B,Location 4,84,729.79,61302.36,2023-09-15 00:31:29
Product B,Location 5,55,911.07,50108.85,2023-11-10 18:13:16
Product E,Location 4,16,272.76,4364.16,2023-10-16 12:04:43
Product B,Location 4,64,221.53,14177.92,2023-09-23 12:20:53
Product A,Location 1,98,963.56,94428.88,2023-12-04 20:48:57
Product A,Location 5,70,529.75,37082.5,2024-03-12 05:49:29
Product D,Location 2,21,755.32,15861.72,2024-01-27 20:45:01
Product E,Location 4,45,495.64,22303.8,2023-05-18 19:05:34
Product A,Location 3,37,191.87,7099.19,2023-06-02 06:05:49
Product C,Location 4,35,461.26,16144.1,2023-07-23 23:10:17
Product E,Location 2,50,625.6,31280.0,2023-06-16 07:43:55
Product D,Location 4,21,60.89,1278.69,2024-02-23 13:05:24
Product E,Location 4,99,230.31,22800.69,2023-07-23 07:31:26
Product E,Location 3,65,657.06,42708.9,2024-04-07 21:36:11
Product E,Location 5,89,262.39,23352.71,2024-01-01 16:14:23
Product D,Location 5,91,992.09,90280.19,2024-04-30 09:06:30
Product E,Location 5,71,720.61,51163.31,2024-04-22 02:25:45
Product E,Location 2,53,660.94,35029.82,2024-03-13 15:03:42
Product D,Location 3,100,302.8,30280.0,2024-01-10 20:18:04
Product A,Location 5,34,799.78,27192.52,2024-04-18 16:08:33
Product C,Location 1,32,410.36,13131.52,2024-05-02 16:36:04
Product C,Location 4,32,465.96,14910.72,2023-08-26 11:49:48
Product E,Location 1,20,537.6,10752.0,2023-12-19 01:38:54
Product B,Location 5,5,329.2,1646.0,2024-03-17 06:50:17
Product D,Location 5,61,136.89,8350.29,2023-09-21 07:56:23
Product B,Location 5,36,989.97,35638.92,2023-06-08 07:57:52
Product D,Location 4,14,227.44,3184.16,2023-09-03 16:22:12
Product C,Location 5,41,651.05,26693.05,2023-06-19 02:40:32
Product C,Location 1,7,770.25,5391.75,2024-01-22 03:33:42
Product C,Location 3,78,396.92,30959.76,2024-02-13 08:38:31
Product E,Location 2,35,410.78,14377.3,2024-04-04 13:22:40
Product D,Location 3,65,650.53,42284.45,2023-08-14 10:15:56
Product B,Location 1,84,719.44,60432.96,2024-04-19 13:37:38
Product B,Location 5,76,181.71,13809.96,2023-09-04 10:17:50
Product A,Location 5,23,954.0,21942.0,2024-01-07 11:53:15
Product B,Location 1,74,915.2,67724.8,2024-02-17 23:34:29
Product A,Location 3,76,70.61,5366.36,2023-09-03 14:41:14
Product B,Location 2,45,503.16,22642.2,2024-04-25 02:48:36
Product A,Location 2,31,544.29,16872.99,2023-08-01 14:45:52
Product C,Location 5,30,417.91,12537.3,2023-09-29 12:19:06
Product A,Location 4,65,861.05,55968.25,2023-11-03 04:02:08
Product B,Location 2,56,296.37,16596.72,2023-08-13 06:30:24
Product C,Location 5,81,940.35,76168.35,2024-03-09 15:36:28
Product E,Location 5,62,915.29,56747.98,2023-10-03 02:38:34
Product E,Location 3,40,326.49,13059.6,2024-03-27 09:18:28
Product A,Location 4,99,173.04,17130.96,2023-05-21 17:13:17
Product A,Location 3,33,99.04,3268.32,2023-06-10 16:09:33
Product B,Location 5,33,813.77,26854.41,2023-06-22 10:20:11
Product B,Location 5,1,213.31,213.31,2023-09-01 06:45:01
Product B,Location 1,36,365.64,13163.04,2023-06-16 13:27:15
Product C,Location 1,85,870.8,74018.0,2024-04-03 00:23:08
Product A,Location 3,5,266.22,1331.1,2023-11-26 14:09:39
Product A,Location 5,64,708.13,45320.32,2023-05-13 00:48:45
Product A,Location 1,61,927.19,56558.59,2023-09-16 19:11:32
Product D,Location 1,30,444.35,13330.5,2023-06-10 15:51:50
Product C,Location 1,47,304.33,14303.51,2023-12-12 05:34:18
Product B,Location 5,19,478.14,9084.66,2023-11-19 02:28:33
Product E,Location 4,69,963.35,66471.15,2024-03-24 04:19:33
Product B,Location 2,54,752.38,40628.52,2023-05-11 02:22:37
Product B,Location 1,9,647.79,5830.11,2024-01-26 02:34:13
Product A,Location 4,79,281.79,22261.41,2023-11-14 09:09:13
Product A,Location 1,25,394.72,9868.0,2023-09-03 04:28:07
Product A,Location 2,61,548.9,33482.9,2023-08-07 06:30:24
Product B,Location 4,31,487.04,15098.24,2024-04-20 06:07:24
Product A,Location 3,42,426.34,17906.28,2023-12-30 07:44:45
Product A,Location 2,36,844.24,30392.64,2023-06-13 22:12:24
Product D,Location 5,28,280.9,7865.2,2023-07-22 23:08:08
Product A,Location 5,100,345.51,34551.0,2024-03-17 03:29:32
Product B,Location 5,77,552.58,42548.66,2024-04-10 08:56:41
Product B,Location 4,17,887.55,15088.35,2023-06-03 13:33:33
Product E,Location 3,9,971.16,8740.44,2024-01-09 09:46:38
Product B,Location 1,3,871.42,2614.26,2024-02-18 23:54:36
Product E,Location 3,23,732.63,16850.49,2023-11-17 02:30:36
Product C,Location 3,21,547.56,11498.76,2024-01-13 18:38:03
Product E,Location 4,99,308.48,30539.52,2023-08-17 23:57:31
Product C,Location 5,10,475.03,4750.3,2023-12-08 06:14:20
Product D,Location 3,81,296.98,24055.38,2023-12-19 15:20:14
Product C,Location 5,15,352.6,5289.0,2024-03-29 23:56:08
Product B,Location 5,21,994.49,20884.29,2024-03-19 08:36:37
Product D,Location 1,97,452.93,43934.21,2023-06-12 01:20:03
Product C,Location 1,73,320.02,23361.46,2024-04-12 22:09:59
Product D,Location 3,91,84.62,7700.42,2023-08-24 12:49:25
Product C,Location 5,46,676.13,31101.98,2023-09-11 06:01:41
Product E,Location 2,96,373.12,35819.52,2023-11-28 00:20:31
Product D,Location 1,10,965.44,9654.4,2024-03-06 21:59:45
Product C,Location 4,33,339.9,11216.7,2023-09-20 16:29:03
Product A,Location 3,41,420.82,17253.62,2023-12-09 20:37:23
Product B,Location 3,83,923.46,76647.18,2024-01-15 21:30:35
Product E,Location 1,64,493.17,31562.88,2023-10-18 00:50:04
Product A,Location 5,32,193.83,6202.56,2024-01-02 11:15:27
Product A,Location 4,73,432.66,31584.18,2023-11-12 01:41:15
Product C,Location 2,31,614.02,19034.62,2023-08-21 09:00:13
Product E,Location 5,80,735.24,58819.2,2023-10-12 13:59:07
Product D,Location 4,100,400.18,40018.0,2024-02-15 16:32:37
Product E,Location 1,38,217.48,8264.24,2023-06-09 01:01:06
Product D,Location 1,88,156.09,13735.92,2024-03-15 18:37:49
Product E,Location 2,83,488.9,40578.7,2023-05-12 16:01:20
Product A,Location 2,32,811.9,25980.8,2023-12-13 19:03:34
Product D,Location 1,38,199.77,7591.26,2024-03-15 01:49:32
Product D,Location 4,93,449.72,41823.96,2023-07-19 18:38:47
Product B,Location 1,93,369.0,34317.0,2024-04-15 19:47:49
Product E,Location 3,34,799.85,27194.9,2024-01-17 16:04:55
Product C,Location 1,68,862.12,58624.16,2023-08-19 11:52:29
Product E,Location 4,55,862.01,47410.55,2024-01-07 19:03:04
Product C,Location 5,96,689.36,66178.56,2024-02-01 09:34:53
Product B,Location 1,38,14.5,551.0,2024-03-10 04:49:29
Product C,Location 3,34,623.64,21203.76,2023-06-18 20:20:00
Product B,Location 5,30,995.93,29877.9,2023-10-14 17:23:24
Product E,Location 1,72,471.43,33942.96,2024-04-26 14:42:17
Product A,Location 1,8,884.84,7078.72,2024-01-10 16:21:22
Product E,Location 5,41,826.5,33886.5,2023-06-09 03:48:39
Product E,Location 5,68,434.65,29556.2,2024-04-05 13:38:30
Product A,Location 4,42,123.98,5207.16,2023-07-18 05:17:41
Product A,Location 5,28,748.03,20944.84,2024-03-21 07:09:34
Product B,Location 4,69,924.95,63821.55,2023-09-01 03:17:31
Product E,Location 2,47,49.51,2326.97,2023-10-23 04:06:49
Product A,Location 3,68,228.7,15551.6,2023-05-10 06:33:57
Product E,Location 5,14,759.34,10630.76,2023-09-12 19:51:14
Product C,Location 2,11,273.3,3006.3,2024-03-06 22:02:38
Product E,Location 1,22,412.29,9070.38,2024-01-24 09:02:55
Product A,Location 3,67,542.57,36352.19,2023-10-26 06:23:23
Product A,Location 4,22,756.45,16641.9,2023-12-10 17:08:55
Product A,Location 5,98,431.64,42300.72,2023-05-30 14:42:55
Product B,Location 1,99,743.61,73617.39,2024-04-28 17:28:13
Product C,Location 5,46,720.66,33150.36,2023-12-09 10:03:24
Product E,Location 2,43,397.43,17089.49,2023-12-04 19:30:35
Product D,Location 3,81,423.94,34339.14,2024-03-12 03:56:27
Product A,Location 1,100,88.02,8802.0,2024-02-05 19:16:08
Product D,Location 4,22,671.82,14780.04,2023-12-11 23:53:17
Product D,Location 4,73,549.66,40125.18,2023-05-29 09:17:17
Product C,Location 3,35,739.05,25866.75,2024-04-22 10:56:40
Product B,Location 3,10,277.37,2773.7,2024-01-25 06:51:38
Product A,Location 1,60,411.59,24695.4,2023-06-01 18:04:42
Product C,Location 5,95,930.73,88419.35,2024-04-21 05:35:26
Product D,Location 5,29,508.85,14756.65,2023-09-20 02:28:04
Product C,Location 2,67,137.45,9209.15,2024-03-28 17:48:08
Product A,Location 1,87,760.3,66146.1,2024-04-28 22:55:16
Product E,Location 3,82,451.31,37007.42,2023-07-02 11:33:25
Product E,Location 4,59,107.15,6321.85,2023-12-14 11:24:04
Product B,Location 2,11,223.31,2456.41,2023-12-16 19:11:39
Product B,Location 1,92,767.48,70608.16,2023-10-18 22:17:12
Product A,Location 4,61,690.99,42150.39,2023-10-08 18:40:49
Product B,Location 5,69,824.03,56858.07,2023-06-07 10:58:56
Product A,Location 4,4,871.35,3485.4,2024-03-03 05:46:50
Product C,Location 3,50,20.63,1031.5,2023-07-15 03:27:56
Product C,Location 2,36,271.36,9768.96,2023-08-24 10:24:39
Product E,Location 1,90,169.07,15216.3,2023-09-02 17:02:38
Product D,Location 3,67,509.52,34137.84,2024-02-07 02:49:08
Product E,Location 5,79,912.51,72088.29,2023-12-15 04:53:25
Product D,Location 1,94,960.86,90320.84,2023-06-10 13:33:40
Product E,Location 3,38,630.08,23943.04,2023-06-13 09:45:05
Product E,Location 2,4,942.5,3770.0,2023-10-02 10:52:42
Product A,Location 3,20,470.36,9407.2,2023-11-02 02:03:49
Product B,Location 3,20,489.04,9780.8,2023-07-22 10:04:27
Product D,Location 5,70,954.32,66802.4,2023-08-02 09:08:39
Product A,Location 4,31,967.63,29996.53,2024-04-29 17:34:41
Product E,Location 3,93,708.44,65884.92,2023-10-20 22:24:27
Product E,Location 5,72,284.0,20448.0,2024-04-26 21:35:13
Product A,Location 4,33,536.96,17719.68,2023-09-11 05:19:24
Product A,Location 4,10,41.18,411.8,2023-12-10 14:13:00
Product A,Location 3,15,315.26,4728.9,2023-09-26 02:38:36
Product E,Location 5,11,367.95,4047.45,2023-09-01 16:40:48
Product E,Location 4,100,262.12,26212.0,2023-05-17 16:45:34
Product E,Location 4,23,280.24,6445.52,2024-04-23 04:56:51
Product C,Location 4,47,750.08,35253.76,2023-06-15 03:41:50
Product B,Location 2,10,97.53,975.3,2023-12-19 17:54:31
Product D,Location 3,75,572.54,42940.5,2023-12-15 11:43:02
Product D,Location 4,98,207.29,20314.42,2023-07-24 00:55:17
Product B,Location 1,70,126.63,8864.1,2024-04-14 09:20:52
Product B,Location 1,59,716.2,42255.8,2024-04-26 21:38:44
Product A,Location 5,38,534.11,20296.18,2023-10-04 20:20:38
Product B,Location 5,72,515.41,37109.52,2023-12-13 22:38:55
Product C,Location 4,86,742.95,63893.7,2023-10-24 15:20:37
Product E,Location 5,59,409.66,24169.94,2023-06-24 20:52:45
Product E,Location 4,38,39.26,1491.88,2023-11-20 11:26:40
Product E,Location 3,38,624.5,23731.0,2023-06-10 04:43:08
Product B,Location 1,50,585.28,29264.0,2023-10-12 02:37:36
Product A,Location 1,98,917.85,89949.3,2024-03-26 01:53:15
Product E,Location 1,22,416.05,9153.1,2023-08-10 22:54:46
Product A,Location 2,16,237.75,3804.0,2024-04-02 06:02:04
Product E,Location 5,2,422.9,845.8,2023-07-21 09:25:09
Product C,Location 5,31,14.67,454.77,2023-11-17 05:31:26
Product D,Location 5,68,223.95,15228.6,2024-01-23 08:17:47
Product A,Location 2,16,672.05,10752.8,2024-02-24 10:09:13
Product C,Location 4,48,42.88,2058.24,2024-02-20 22:31:53
Product D,Location 4,56,848.33,47506.48,2023-05-07 10:11:05
Product A,Location 3,26,341.2,8871.2,2024-01-01 10:38:28
Product E,Location 5,50,153.99,7699.5,2023-07-20 22:00:26
Product C,Location 1,60,400.7,24042.0,2023-07-04 10:58:59
Product B,Location 2,2,38.37,76.74,2023-06-26 01:05:38
Product B,Location 1,23,850.63,19564.49,2023-12-02 09:08:19
Product B,Location 2,21,197.33,4143.93,2024-03-15 21:59:50
Product E,Location 4,27,744.88,20111.76,2023-05-30 11:47:31
Product D,Location 2,89,216.18,19240.02,2023-05-13 03:37:33
Product A,Location 4,66,343.47,22669.02,2023-07-27 07:40:21
Product A,Location 4,41,612.04,25093.64,2023-09-22 15:30:42
Product C,Location 3,49,920.45,45102.05,2023-12-21 07:59:08
Product A,Location 3,100,818.05,81805.0,2023-07-08 05:18:29
Product D,Location 4,13,335.29,4358.77,2023-06-02 10:24:48
Product C,Location 1,72,29.64,2134.08,2024-01-26 18:18:39
Product D,Location 3,54,419.05,22628.7,2023-08-22 22:57:13
Product E,Location 3,94,163.02,15323.88,2023-11-16 15:54:36
Product C,Location 4,68,608.74,41394.32,2023-09-16 03:39:49
Product E,Location 5,14,123.91,1734.74,2024-04-01 17:19:29
Product B,Location 1,46,565.18,25998.28,2023-10-11 00:13:11
Product C,Location 2,53,667.17,35360.01,2023-09-25 01:06:33
Product D,Location 3,52,750.62,39032.24,2023-09-18 21:48:15
Product E,Location 5,53,768.15,40711.95,2023-11-21 19:10:52
Product B,Location 2,7,133.68,935.76,2023-06-19 06:17:08
Product B,Location 5,93,173.4,16126.2,2024-04-27 05:23:03
Product C,Location 2,13,418.98,5446.74,2023-06-07 06:51:11
Product D,Location 1,29,875.1,25377.9,2024-01-18 15:05:48
Product D,Location 5,57,833.0,47481.0,2023-09-13 20:39:43
Product D,Location 3,75,256.75,19256.25,2023-12-31 22:47:02
Product E,Location 3,41,104.48,4283.68,2024-01-26 11:22:43
Product E,Location 2,36,56.74,2042.64,2023-06-12 12:46:12
Product B,Location 3,54,980.6,52952.4,2024-02-19 15:03:42
Product E,Location 1,14,629.79,8817.06,2023-07-10 20:36:00
Product D,Location 5,99,27.1,2682.9,2023-12-01 13:45:04
Product C,Location 5,49,514.94,25232.06,2024-01-01 03:50:08
Product D,Location 5,35,865.34,30286.9,2023-12-08 20:14:55
Product A,Location 1,38,157.2,5973.6,2023-10-31 09:13:23
Product A,Location 5,45,346.4,15588.0,2024-03-19 14:43:17
Product B,Location 2,8,827.57,6620.56,2024-03-14 00:53:13
Product E,Location 2,38,642.31,24407.78,2023-06-30 03:14:41
Product A,Location 5,85,364.59,30990.15,2023-09-26 01:13:44
Product D,Location 2,62,227.09,14079.58,2023-08-23 05:51:31
Product B,Location 4,17,866.13,14724.21,2023-12-30 22:53:52
Product D,Location 2,67,615.36,41229.12,2023-11-01 12:39:44
Product A,Location 3,5,734.78,3673.9,2024-01-01 09:05:43
Product A,Location 5,15,765.07,11476.05,2023-12-25 11:00:21
Product D,Location 3,80,623.54,49883.2,2023-07-25 08:05:19
Product B,Location 5,78,719.96,56156.88,2023-07-11 16:36:16
Product B,Location 2,35,860.14,30104.9,2024-02-21 08:59:33
Product B,Location 2,31,438.74,13600.94,2023-05-12 19:31:43
Product C,Location 4,30,361.79,10853.7,2024-03-16 08:18:36
Product E,Location 5,41,709.01,29069.41,2024-02-13 18:08:34
Product B,Location 1,66,267.61,17662.26,2024-03-30 01:14:11
Product B,Location 1,63,86.61,5456.43,2023-09-27 01:17:25
Product E,Location 4,39,233.57,9109.23,2023-07-11 19:15:50
Product A,Location 2,86,655.03,56332.58,2023-10-28 15:12:33
Product D,Location 5,46,486.76,22390.96,2023-10-24 01:29:27
Product C,Location 3,7,680.47,4763.29,2023-12-28 00:12:57
Product B,Location 5,8,213.79,1710.32,2023-08-19 18:49:25
Product E,Location 2,47,11.84,556.48,2024-01-04 08:51:36
Product E,Location 5,32,101.47,3247.04,2023-05-21 00:39:07
Product E,Location 4,78,241.95,18872.1,2023-09-07 20:10:27
Product B,Location 3,46,477.99,21987.54,2023-06-16 14:58:57
Product A,Location 1,58,410.88,23831.04,2024-01-09 09:36:01
Product A,Location 3,72,256.84,18492.48,2023-06-03 22:11:17
Product D,Location 2,42,612.2,25712.4,2023-12-15 09:12:08
Product E,Location 1,25,534.28,13357.0,2023-09-03 15:04:32
Product B,Location 3,75,216.38,16228.5,2023-06-29 12:58:48
Product A,Location 3,6,317.15,1902.9,2024-04-10 17:00:04
Product D,Location 4,19,780.1,14821.9,2023-06-10 21:53:37
Product A,Location 4,3,783.92,2351.76,2023-08-21 00:54:21
Product B,Location 2,32,339.71,10870.72,2024-01-23 00:49:41
Product D,Location 2,37,860.36,31833.32,2023-09-23 13:27:50
Product E,Location 4,29,656.84,19048.36,2024-01-04 15:35:58
Product D,Location 3,66,12.75,841.5,2023-05-30 12:53:22
Product A,Location 5,3,654.79,1964.37,2024-04-26 17:02:05
Product A,Location 3,73,358.53,26172.69,2024-02-26 19:57:21
Product D,Location 5,7,55.8,390.6,2023-12-31 16:33:34
Product C,Location 2,38,423.54,16094.52,2023-07-01 17:55:05
Product E,Location 4,39,214.76,8375.64,2023-08-24 04:03:00
Product B,Location 5,96,55.44,5322.24,2024-01-16 11:59:29
Product B,Location 3,5,163.5,817.5,2023-11-13 15:16:44
Product A,Location 2,61,954.87,58247.07,2024-01-10 07:26:56
Product D,Location 1,51,146.22,7457.22,2023-10-29 07:48:55
Product A,Location 5,61,778.89,47512.29,2023-12-06 04:17:49
Product B,Location 4,16,770.72,12331.52,2024-01-25 14:53:08
Product D,Location 1,5,269.95,1349.75,2023-10-13 20:38:19
Product E,Location 3,75,292.39,21929.25,2023-10-10 06:55:55
Product B,Location 1,28,371.66,10406.48,2024-01-09 18:35:51
Product C,Location 4,60,830.96,49857.6,2023-07-20 17:11:53
Product B,Location 2,52,409.58,21298.16,2023-05-20 07:07:24
Product A,Location 2,37,349.82,12943.34,2023-09-05 07:53:25
Product E,Location 1,69,44.14,3045.66,2023-06-13 04:02:04
Product C,Location 5,40,371.52,14860.8,2023-07-24 22:23:31
Product A,Location 2,68,195.06,13264.08,2024-02-27 03:33:24
Product D,Location 2,93,639.34,59458.62,2023-12-16 16:30:01
Product E,Location 5,43,136.29,5860.47,2023-12-21 11:23:29
Product E,Location 4,78,694.04,54135.12,2023-08-23 22:21:15
Product A,Location 1,78,477.76,37265.28,2023-08-13 21:20:22
Product A,Location 5,98,340.99,33417.02,2024-01-17 07:50:18
Product C,Location 1,18,22.16,398.88,2023-11-21 06:34:40
Product B,Location 3,92,304.89,28049.88,2024-02-08 10:50:14
Product A,Location 1,28,514.86,14416.08,2023-07-16 22:55:03
Product E,Location 4,56,647.33,36250.48,2024-01-16 08:35:43
Product E,Location 5,86,453.85,39031.1,2023-11-16 05:47:02
Product D,Location 1,42,949.46,39877.32,2024-04-28 12:00:28
Product E,Location 4,94,725.61,68207.34,2023-07-31 04:31:30
Product B,Location 1,12,452.91,5434.92,2023-10-03 10:30:36
Product C,Location 5,63,899.89,56693.07,2023-09-09 04:24:28
Product B,Location 1,91,273.78,24913.98,2023-09-19 08:17:50
Product A,Location 3,2,45.43,90.86,2024-01-07 14:36:26
Product E,Location 5,35,157.15,5500.25,2024-02-17 17:29:52
Product D,Location 2,59,763.15,45025.85,2023-06-26 02:15:57
Product D,Location 2,73,369.08,26942.84,2024-01-15 00:18:53
Product D,Location 5,69,954.69,65873.61,2024-04-07 20:30:01
Product D,Location 5,7,127.58,893.06,2024-02-20 05:46:03
Product A,Location 2,69,406.66,28059.54,2023-07-25 13:37:42
Product A,Location 4,90,113.96,10256.4,2023-05-31 08:19:34
Product D,Location 3,69,675.25,46592.25,2023-09-11 18:04:23
Product C,Location 3,37,230.93,8544.41,2023-12-30 04:39:10
Product C,Location 2,36,591.86,21306.96,2023-09-05 14:11:28
Product E,Location 1,29,158.17,4586.93,2024-02-22 07:54:19
Product C,Location 3,44,17.25,759.0,2023-11-03 22:40:25
Product A,Location 2,4,307.58,1230.32,2024-02-18 01:17:43
Product A,Location 1,10,409.19,4091.9,2023-08-22 20:12:07
Product B,Location 1,19,729.22,13855.18,2023-07-04 10:43:55
Product A,Location 5,11,681.52,7496.72,2023-05-20 12:45:43
Product D,Location 3,67,188.4,12622.8,2023-11-28 01:23:07
Product E,Location 3,46,299.88,13794.48,2023-05-17 02:06:19
Product A,Location 1,95,301.74,28665.3,2023-11-12 10:44:53
Product B,Location 2,54,376.96,20355.84,2024-01-01 18:20:42
Product A,Location 1,11,79.54,874.94,2023-06-23 01:08:21
Product E,Location 1,28,247.14,6919.92,2023-05-19 16:10:17
Product C,Location 4,64,915.98,58622.72,2023-07-07 20:23:46
Product B,Location 4,90,410.51,36945.9,2023-08-26 03:40:00
Product E,Location 4,66,407.43,26890.38,2023-12-24 15:07:41
Product A,Location 4,27,24.65,665.55,2023-08-19 04:45:50
Product C,Location 1,14,587.58,8226.12,2024-03-19 22:15:28
Product D,Location 5,55,694.74,38210.7,2023-11-02 00:38:32
Product B,Location 1,57,259.87,14812.59,2023-11-25 08:51:30
Product A,Location 5,53,918.89,48701.17,2024-01-10 23:49:48
Product D,Location 2,9,682.02,6138.18,2023-08-08 09:33:58
Product A,Location 5,71,196.19,13929.49,2023-10-19 18:56:06
Product E,Location 2,94,373.04,35065.76,2023-05-19 00:03:20
Product D,Location 3,18,369.02,6642.36,2024-02-12 05:39:27
Product D,Location 4,37,112.53,4163.61,2024-04-12 20:34:06
Product E,Location 2,21,287.81,6044.01,2023-12-17 23:50:10
Product A,Location 3,8,735.34,5882.72,2023-10-04 11:42:09
Product E,Location 4,73,686.25,50096.25,2023-06-16 13:35:03
Product D,Location 5,12,792.83,9513.96,2024-01-14 20:20:36
Product D,Location 5,89,709.97,63187.33,2023-07-02 00:11:19
Product E,Location 5,65,82.42,5357.3,2024-03-19 06:37:59
Product B,Location 5,83,332.57,27603.31,2023-08-08 13:53:47
Product E,Location 5,99,176.48,17471.52,2024-01-02 02:01:35
Product A,Location 5,6,498.28,2989.68,2023-10-13 08:56:52
Product C,Location 5,41,889.56,36471.96,2024-02-07 21:13:16
Product B,Location 1,41,276.42,11333.22,2024-04-22 18:10:48
Product C,Location 4,62,500.65,31040.3,2023-10-09 14:20:59
Product D,Location 1,68,904.85,61529.8,2024-04-11 00:17:35
Product D,Location 1,35,754.98,26424.3,2024-04-12 13:37:41
Product B,Location 4,65,979.2,63648.0,2024-02-22 15:24:10
Product A,Location 4,88,740.7,65181.6,2023-07-06 19:14:13
Product E,Location 5,85,80.62,6852.7,2023-05-26 03:23:15
Product D,Location 3,54,575.09,31054.86,2023-07-10 08:34:24
Product B,Location 2,44,989.94,43557.36,2024-04-29 08:40:44
Product E,Location 3,60,625.71,37542.6,2023-12-24 15:30:08
Product A,Location 4,51,263.76,13451.76,2023-10-06 22:50:51
Product A,Location 4,84,635.85,53411.4,2024-03-17 11:35:04
Product D,Location 3,78,542.53,42317.34,2023-10-20 05:13:35
Product A,Location 1,16,460.0,7360.0,2024-04-07 23:07:25
Product A,Location 1,84,169.26,14217.84,2023-12-24 16:35:17
Product B,Location 3,26,537.38,13971.88,2024-03-14 05:31:08
Product E,Location 5,69,472.12,32576.28,2024-03-29 02:49:24
Product C,Location 1,29,146.67,4253.43,2023-07-14 18:49:46
Product D,Location 5,46,82.47,3793.62,2024-04-20 03:57:35
Product B,Location 1,96,315.28,30266.88,2023-10-13 21:08:13
Product D,Location 4,24,483.72,11609.28,2024-03-28 15:36:13
Product C,Location 4,5,171.16,855.8,2023-11-28 09:10:14
Product A,Location 3,77,810.99,62446.23,2024-03-14 21:37:06
Product A,Location 4,19,897.0,17043.0,2024-02-14 06:38:12
Product A,Location 2,84,313.42,26327.28,2024-03-14 20:23:08
Product D,Location 3,58,170.1,9865.8,2023-08-20 01:41:30
Product D,Location 4,20,230.65,4613.0,2023-08-06 19:23:17
Product D,Location 2,96,275.36,26434.56,2024-03-29 02:59:49
Product B,Location 1,24,343.67,8248.08,2023-10-18 04:22:44
Product C,Location 5,82,154.81,12694.42,2023-08-21 21:47:55
Product E,Location 4,96,264.48,25390.08,2023-08-31 15:28:21
Product D,Location 3,84,221.46,18602.64,2023-06-01 16:57:23
Product B,Location 5,45,705.42,31743.9,2024-01-13 17:41:55
Product D,Location 5,59,823.26,48572.34,2023-06-07 23:48:32
Product A,Location 2,71,353.41,25092.11,2023-06-06 10:46:14
Product C,Location 2,66,693.11,45745.26,2024-02-17 19:15:54
Product C,Location 4,47,773.6,36359.2,2023-12-16 06:25:11
Product A,Location 1,23,742.59,17079.57,2023-07-10 01:46:07
Product E,Location 5,96,654.19,62802.24,2024-03-31 08:50:29
Product E,Location 1,46,882.56,40597.76,2023-07-29 20:53:27
Product C,Location 3,76,400.84,30463.84,2023-11-30 03:48:38
Product B,Location 4,14,305.7,4279.8,2024-01-27 15:13:13
Product D,Location 3,19,39.24,745.56,2023-09-02 05:08:26
Product E,Location 1,73,607.08,44316.84,2023-05-29 08:45:24
Product C,Location 3,38,721.71,27424.98,2024-01-14 18:21:55
Product B,Location 2,52,464.87,24173.24,2024-04-17 03:42:45
Product B,Location 4,61,346.21,21118.81,2023-12-04 20:17:41
Product D,Location 1,74,899.98,66598.52,2024-04-09 09:55:32
Product B,Location 2,44,356.72,15695.68,2023-11-09 18:11:58
Product E,Location 1,4,486.9,1947.6,2023-12-08 06:49:53
Product D,Location 1,67,115.7,7751.9,2024-04-02 10:28:04
Product C,Location 1,91,483.34,43983.94,2024-02-20 08:19:07
Product B,Location 5,83,196.16,16281.28,2023-09-01 03:55:45
Product D,Location 1,9,207.17,1864.53,2023-05-13 00:13:35
Product E,Location 4,5,527.08,2635.4,2023-07-14 04:09:35
Product A,Location 2,1,929.4,929.4,2023-11-20 18:22:14
Product E,Location 1,91,11.49,1045.59,2023-09-02 03:40:16
